"","Type","mean(PPMG)","Frequency"
"1","ACE inhibitor",0.00443495833333333,0.1679
"2","ARB",0.01409283375,0.3357
"3","beta blocker",0.0005515525,0.1679
"4","CCB",0.0011249375,0.1363
"5","diuretic",0.00026692,0.1191
